date,description,amount,transaction_type
2026-06-01,SALARY ACME TECH PVT LTD,60000,CREDIT
2026-06-02,RENT TRANSFER,15000,DEBIT
2026-06-03,SWIGGY*ORDER #5506,321,DEBIT
2026-06-04,SWIGGY*ORDER #1488,369,DEBIT
2026-06-05,NETFLIX.COM,649,DEBIT
2026-06-05,OLA CABS,169,DEBIT
2026-06-05,OLA CABS,305,DEBIT
2026-06-07,SPOTIFY INDIA,119,DEBIT
2026-06-10,AMAZON PRIME MEMBERSHIP,299,DEBIT
2026-06-12,ELECTRICITY BILL MSEDCL,2054,DEBIT
2026-06-13,SWIGGY*ORDER #5552,422,DEBIT
2026-06-14,AIRTEL POSTPAID,599,DEBIT
2026-06-14,OLA CABS,255,DEBIT
2026-06-15,APOLLO PHARMACY,533,DEBIT
2026-06-17,SWIGGY*ORDER #5557,466,DEBIT
2026-06-19,ZOMATO ORDER 4257,362,DEBIT
2026-06-20,UBER TRIP,313,DEBIT
2026-06-24,AMAZON PAY 296,1184,DEBIT
2026-06-26,SWIGGY*ORDER #2679,466,DEBIT
2026-06-28,UBER TRIP,355,DEBIT
2026-07-01,SALARY ACME TECH PVT LTD,60000,CREDIT
2026-07-02,RENT TRANSFER,15000,DEBIT
2026-07-04,ZOMATO ORDER 7572,283,DEBIT
2026-07-05,NETFLIX.COM,649,DEBIT
2026-07-05,ZOMATO ORDER 2654,392,DEBIT
2026-07-07,SPOTIFY INDIA,119,DEBIT
2026-07-07,UBER TRIP,254,DEBIT
2026-07-07,UBER TRIP,336,DEBIT
2026-07-09,SWIGGY*ORDER #5374,523,DEBIT
2026-07-09,ZOMATO ORDER 4483,452,DEBIT
2026-07-10,AMAZON PRIME MEMBERSHIP,299,DEBIT
2026-07-11,SWIGGY*ORDER #4598,367,DEBIT
2026-07-12,ELECTRICITY BILL MSEDCL,2191,DEBIT
2026-07-14,AIRTEL POSTPAID,599,DEBIT
2026-07-14,UBER TRIP,190,DEBIT
2026-07-17,UBER TRIP,255,DEBIT
2026-07-17,ZOMATO ORDER 3664,431,DEBIT
2026-07-19,OLA CABS,166,DEBIT
2026-07-21,APOLLO PHARMACY,779,DEBIT
2026-07-24,AMAZON PAY 165,2476,DEBIT
2026-07-26,OLA CABS,324,DEBIT
2026-07-26,ZOMATO ORDER 3677,444,DEBIT
2026-07-27,UBER TRIP,176,DEBIT
2026-08-01,SALARY ACME TECH PVT LTD,60000,CREDIT
2026-08-02,RENT TRANSFER,15000,DEBIT
2026-08-03,SWIGGY*ORDER #5315,509,DEBIT
2026-08-05,NETFLIX.COM,649,DEBIT
2026-08-06,SWIGGY*ORDER #5808,482,DEBIT
2026-08-06,SWIGGY*ORDER #5889,328,DEBIT
2026-08-07,OLA CABS,204,DEBIT
2026-08-07,SPOTIFY INDIA,119,DEBIT
2026-08-10,AMAZON PRIME MEMBERSHIP,299,DEBIT
2026-08-10,SWIGGY*ORDER #1949,293,DEBIT
2026-08-10,UBER TRIP,152,DEBIT
2026-08-11,OLA CABS,228,DEBIT
2026-08-12,ELECTRICITY BILL MSEDCL,1941,DEBIT
2026-08-14,AIRTEL POSTPAID,599,DEBIT
2026-08-14,SWIGGY*ORDER #3646,415,DEBIT
2026-08-15,OLA CABS,344,DEBIT
2026-08-18,APOLLO PHARMACY,525,DEBIT
2026-08-18,UBER TRIP,184,DEBIT
2026-08-18,XYZ STORE MUMBAI,1250,DEBIT
2026-08-18,ZOMATO ORDER 2832,407,DEBIT
2026-08-19,OLA CABS,181,DEBIT
2026-08-20,AMAZON PAY 121,3168,DEBIT
2026-08-20,UBER TRIP,279,DEBIT
2026-08-20,ZOMATO ORDER 2876,424,DEBIT
2026-09-01,SALARY ACME TECH PVT LTD,60000,CREDIT
2026-09-02,RENT TRANSFER,15000,DEBIT
2026-09-05,NETFLIX.COM,649,DEBIT
2026-09-07,SPOTIFY INDIA,119,DEBIT
2026-09-09,UDEMY COURSE PURCHASE,1499,DEBIT
2026-09-09,ZOMATO ORDER 2588,431,DEBIT
2026-09-10,AMAZON PRIME MEMBERSHIP,299,DEBIT
2026-09-10,UBER TRIP,217,DEBIT
2026-09-12,ELECTRICITY BILL MSEDCL,1407,DEBIT
2026-09-13,SWIGGY*ORDER #2160,392,DEBIT
2026-09-14,AIRTEL POSTPAID,599,DEBIT
2026-09-15,OLA CABS,175,DEBIT
2026-09-16,APOLLO PHARMACY,351,DEBIT
2026-09-16,SWIGGY*ORDER #7735,300,DEBIT
2026-09-16,UBER TRIP,262,DEBIT
2026-09-17,UBER TRIP,158,DEBIT
2026-09-20,OLA CABS,191,DEBIT
2026-09-20,ZOMATO ORDER 7788 PARTY,6800,DEBIT
2026-09-21,SWIGGY*ORDER #5521 CATERING,3900,DEBIT
2026-09-21,ZOMATO ORDER 4981,458,DEBIT
2026-09-22,AMAZON PAY 927,3154,DEBIT
2026-09-24,SWIGGY*ORDER #8953,542,DEBIT
2026-09-25,SWIGGY*ORDER #1964,266,DEBIT
